"sample","stromal","immune","estimate","purity"
"CGGA_1002",-1272.11035945762,-603.617095798888,-1875.72745525651,0.946154998246413
"CGGA_1003",-2000.59591096476,-1223.89584925441,-3224.49176021917,0.99134412511012
"CGGA_1010",-1716.35742881407,-1048.78071258148,-2765.13814139556,0.98024557699204
"CGGA_1012",-464.032148355075,183.68765036518,-280.344497989895,0.845211315462561
"CGGA_1014",-1214.14480227462,-363.833212971551,-1577.97801524617,0.931107665016859
"CGGA_1017",-1532.19259948258,-1234.69726643792,-2766.88986592051,0.980296401411352
"CGGA_1018",-2030.92680658036,-1150.0914118847,-3181.01821846505,0.990486136163946
"CGGA_103",-1879.10218814204,-993.10950190635,-2872.21169004839,0.983232982640085
"CGGA_1030",-1844.30865308397,-1388.43836437535,-3232.74701745932,0.991502490196559
"CGGA_1032",-15.4557325936373,1327.92247121473,1312.46673862109,0.698396228966921
"CGGA_1033",-1613.46476077992,-1218.78512848661,-2832.24988926653,0.982146398429972
"CGGA_1036",-782.277969588846,484.218324854974,-298.059644733871,0.846598182148794
"CGGA_1037",-1438.95769847966,-285.688446455663,-1724.64614493532,0.938743928954193
"CGGA_1041",-1352.0103728061,-766.733013939473,-2118.74338674557,0.957098126733107
"CGGA_1048",-1205.30656170339,-140.220064466723,-1345.52662617011,0.918122602897378
"CGGA_1051",-1500.56238109662,-1080.44895025393,-2581.01133135055,0.974542567775935
"CGGA_1055",-1458.25111225532,-176.339465471453,-1634.59057772677,0.934106531476136
"CGGA_1057",-137.272575886136,1552.66970780335,1415.39713191722,0.687503252725387
"CGGA_1058",-811.256388683089,218.927684223309,-592.32870445978,0.868791288774525
"CGGA_106",-166.857341248349,1405.13743764182,1238.28009639347,0.706148574417299
"CGGA_1063",-1816.95548413047,-849.871165257208,-2666.82664938767,0.977289386268201
"CGGA_1065",-2127.83607042503,-1322.71822227497,-3450.5542927,0.995154186597384
"CGGA_1066",-1130.47730214816,155.307163595689,-975.170138552468,0.895232540359987
"CGGA_1069",556.557832252221,1872.99307078534,2429.55090303756,0.572194528993072
"CGGA_107",-860.347291131425,-238.285242571705,-1098.63253370313,0.903160615699573
"CGGA_1075",-329.883131736851,1147.53176669075,817.648634953904,0.748493760959134
"CGGA_108",-549.85705256065,613.246813250175,63.3897606895252,0.81718168075079
"CGGA_1082",-1431.38139069302,-308.415362153178,-1739.79675284619,0.939508008796437
"CGGA_1086",5.54134509128942,791.130999012349,796.672344103639,0.750532073823908
"CGGA_1087",-2149.21810624593,-1333.33076536322,-3482.54887160915,0.995604995000946
"CGGA_1097",-1408.99024694955,-391.40544897202,-1800.39569592157,0.942517652683378
"CGGA_1100",-2060.8421986235,-1311.48013649259,-3372.32233511609,0.993959456493997
"CGGA_1101",-1567.16732758106,-1205.51398591847,-2772.68131349953,0.980463972696514
"CGGA_1103",-1305.90631281286,-640.350054773937,-1946.25636758679,0.949455588135497
"CGGA_1106",-594.283170832554,627.572981678184,33.2898108456302,0.819720330176544
"CGGA_1108",-848.582549305288,862.925018672606,14.3424693673184,0.821310157505969
"CGGA_1111",-753.210365939412,496.267649698171,-256.94271624124,0.843370498711641
"CGGA_112",-1593.8656057403,-622.681059241198,-2216.54666498149,0.961159317819424
"CGGA_1120",-1355.74016043366,-924.901889342628,-2280.64204977628,0.963713418898075
"CGGA_1121",-1651.10602718993,-397.487238946093,-2048.59326613602,0.954063673196687
"CGGA_1126",-1448.22415573822,-149.605122021528,-1597.82927775975,0.932166552140797
"CGGA_1127",-1171.71010991374,87.0025185541415,-1084.70759135959,0.902281226069147
"CGGA_1130",-817.13133420179,-53.6230404931309,-870.754374694921,0.888297946828808
"CGGA_1131",-1921.66677735638,-913.908956537442,-2835.57573389383,0.982238119821927
"CGGA_1132",-1659.95609843997,-173.560898136255,-1833.51699657623,0.94413111600595
"CGGA_1134",-675.925995285366,289.854678517828,-386.071316767538,0.853403303923408
"CGGA_1135",-521.198557737994,746.908008868631,225.709451130637,0.803217823117119
"CGGA_1137",-1119.81864346346,22.3620475571907,-1097.45659590627,0.903086498557782
"CGGA_1138",-1806.45446459766,-812.910509219962,-2619.36497381762,0.97578934804413
"CGGA_1141",-1238.76817806328,-603.18362745838,-1841.95180552166,0.944538443533808
"CGGA_1142",-1420.54839989656,-705.123889066936,-2125.6722889635,0.95739234552915
"CGGA_1144",-1495.20923782652,-1272.4852209806,-2767.69445880711,0.980319724094159
"CGGA_1147",-1955.27492546282,-962.332538077777,-2917.60746354059,0.984426272111834
"CGGA_1148",-845.604990241129,466.457978126674,-379.147012114455,0.852873059526393
"CGGA_1152",-74.888506240289,1176.07926870249,1101.1907624622,0.720253097137036
"CGGA_1154",-1137.01898189,276.459719715188,-860.559262174816,0.887609647225802
"CGGA_1155",-1343.95710632122,-44.8210874519661,-1388.77819377318,0.920620100624807
"CGGA_1156",-932.505096412375,266.400283583561,-666.104812828814,0.874102763169916
"CGGA_1157",-1323.05405504714,-588.57691250171,-1911.63096754885,0.94784789398509
"CGGA_1158",-1943.67341855065,-824.310452467713,-2767.98387101837,0.980328109923596
"CGGA_1159",-1189.87233091401,-575.645012863002,-1765.51734377702,0.940794514823197
"CGGA_1161",-1552.53299114263,-604.410934596801,-2156.94392573943,0.958707892787221
"CGGA_1162",-1233.83414571378,62.9527256198286,-1170.88142009395,0.907662624943666
"CGGA_1164",-1756.25142310679,-787.322711731028,-2543.57413483782,0.973295788363707
"CGGA_1169",-1425.25257432213,-39.6578614182446,-1464.91043574038,0.924926037087283
"CGGA_1172",-654.47828649264,1096.15779337967,441.67950688703,0.783933039571809
"CGGA_1178",-1930.37539587307,-981.361205246638,-2911.73660111971,0.984274408406116
"CGGA_1181",-1161.88559136862,146.382993413756,-1015.50259795486,0.897854933724735
"CGGA_1183",-1400.46977222291,-302.20362885852,-1702.67340108143,0.937627544609667
"CGGA_1184",-1152.30716989581,-517.844348957813,-1670.15151885363,0.935957283892608
"CGGA_1185",-1148.93298705524,-128.471028446911,-1277.40401550215,0.914113957099903
"CGGA_1191",-1816.36974798416,-1361.73453203894,-3178.10428002309,0.990427184217332
"CGGA_1192",-1126.7814444481,603.226450780083,-523.554993668013,0.863748186570574
"CGGA_1195",-1447.9045610455,-664.474736479357,-2112.37929752486,0.956827019018873
"CGGA_1198",-1252.84750308026,-586.492961093883,-1839.34046417414,0.944412493293803
"CGGA_120",-965.305059941951,-97.028704314337,-1062.33376425629,0.900860378465465
"CGGA_1204",-2197.60170619429,-1586.68275663575,-3784.28446283004,0.998775217147828
"CGGA_1205",-425.47146566331,448.621639504461,23.1501738411507,0.820571912990479
"CGGA_1207",-1624.23619770051,-694.545089499406,-2318.78128719991,0.965192739591519
"CGGA_1208",184.521905785524,1220.33779992158,1404.85970570711,0.688625666701022
"CGGA_1211",-1428.01526694811,-659.809153290744,-2087.82442023885,0.955773166786782
"CGGA_1212",-1572.91488981583,-619.148094716544,-2192.06298453237,0.960161211728469
"CGGA_1223",-1622.07175360259,-538.365279883037,-2160.43703348563,0.958853588427385
"CGGA_1226",-1070.64674243287,-270.128632964856,-1340.77537539772,0.917845991182559
"CGGA_1228",-1228.63320089063,-456.374266379938,-1685.00746727057,0.936722905199268
"CGGA_1232",-1173.7734505846,273.794184201315,-899.979266383282,0.89025996788628
"CGGA_1235",-976.963175968775,186.402649973092,-790.560525995683,0.88283024597756
"CGGA_1236",-1477.27111862571,-762.403347027845,-2239.67446565356,0.962090747738418
"CGGA_1238",-820.446520479278,419.212491213449,-401.234029265828,0.854561343319113
"CGGA_1239",-1819.79414566107,-671.094736537612,-2490.88888219868,0.971491420945524
"CGGA_1248",-1052.93112072753,-200.745396503667,-1253.67651723119,0.912696239349434
"CGGA_1255",-34.0345659837752,1317.24734767751,1283.21278169374,0.701463146184803
"CGGA_1256",-1247.66977068288,57.6320723100816,-1190.0376983728,0.908839199156494
"CGGA_1257",-798.662538951685,-387.229551401895,-1185.89209035358,0.908585185841324
"CGGA_1260",-1346.14696486102,-18.2938110089121,-1364.44077586993,0.919219331605076
"CGGA_1262",1049.42522763181,1505.01758234814,2554.44280997995,0.55706425798636
"CGGA_1264",-1483.62833259449,-381.5560101932,-1865.18434278769,0.945652883541445
"CGGA_1269",-1663.44410017137,-558.879031361729,-2222.32313153309,0.961392992749189
"CGGA_1273",-1861.11998504783,-1097.76808946083,-2958.88807450865,0.985473442913421
"CGGA_1282",-1440.96897797501,-631.50098635198,-2072.46996432699,0.955107869798244
"CGGA_1286",-1492.91122600256,-411.996013144191,-1904.90723914675,0.947532863804772
"CGGA_1291",-1470.56168091697,-258.776908192627,-1729.3385891096,0.938981076145689
"CGGA_1295",-708.377200636699,1194.98854954381,486.611348907113,0.779821249588906
"CGGA_1300",-1207.6541516761,-93.1510742535874,-1300.80522592969,0.915501318046473
"CGGA_1303",-1559.73857125465,-1118.6221480902,-2678.36071934485,0.977646761810295
"CGGA_1305",-1307.0816721378,238.998561080212,-1068.08311105758,0.901226418396429
"CGGA_1309",-1577.09291784195,-282.730160316582,-1859.82307815853,0.945396685061153
"CGGA_1311",-1728.4409678898,-1049.83982297036,-2778.28079086016,0.980625315726743
"CGGA_1317",-1871.31386490576,-1479.95357064189,-3351.26743554765,0.993615521466495
"CGGA_1318",-839.723210805882,847.774354596433,8.05114379055101,0.821836643621947
"CGGA_1319",-1778.31400447935,-450.508389481997,-2228.82239396134,0.961655080519872
"CGGA_1321",-1720.32639262061,-628.869170279078,-2349.19556289969,0.966350750837648
"CGGA_1325",-438.208696098551,275.003916959904,-163.204779138647,0.835897393995631
"CGGA_1326",-823.759126582831,497.551150777979,-326.207975804852,0.848790053639208
"CGGA_1334",-1089.0940922666,89.3335255853723,-999.760566681228,0.896835135267227
"CGGA_1335",-1582.01210417599,-742.854334490218,-2324.86643866621,0.96542596946356
"CGGA_1337",-1046.42225794615,-0.632347522387799,-1047.05460546854,0.899884492575488
"CGGA_1339",-1705.28861839947,-980.471814624093,-2685.76043302356,0.977874561452362
"CGGA_1345",-792.332630054805,1158.17189427378,365.839264218972,0.790795861463579
"CGGA_135",499.590451421895,1485.91465204727,1985.50510346917,0.624397542321163
"CGGA_1350",-1530.19117108904,-924.062287408602,-2454.25345849764,0.97020247369462
"CGGA_1353",-376.216947105731,364.91210917469,-11.3048379310409,0.823452040971388
"CGGA_1354",-963.193629235914,-300.115923014932,-1263.30955225085,0.91327314908652
"CGGA_1356",-1481.40051512377,-1015.54865911278,-2496.94917423655,0.971701933578898
"CGGA_1359",-970.756901966142,138.186287009326,-832.570614956816,0.885709842977061
"CGGA_1361",-1518.34899825327,-724.665281143179,-2243.01427939645,0.962224336653189
"CGGA_1362",-1238.30364284014,282.480834750751,-955.822808089391,0.893963446152355
"CGGA_1365",-220.476889499138,403.574228255233,183.097338756095,0.806928076878627
"CGGA_1368",-1814.25975199449,-1286.77090384514,-3101.03065583963,0.988802158559406
"CGGA_1369",-1578.16004296174,-32.9472574026464,-1611.10730036438,0.932870398659222
"CGGA_1371",-524.712707780281,350.858768340406,-173.853939439875,0.836754375851487
"CGGA_1377",-1474.22269977501,-433.369975692347,-1907.59267546736,0.947658796604512
"CGGA_1378",-1007.5963749816,-247.917360919891,-1255.51373590149,0.912806408815311
"CGGA_1380",-545.367345522737,380.243391263645,-165.123954259092,0.836051988875816
"CGGA_1382",-1184.27511571269,-456.113546814324,-1640.38866252701,0.934410028041634
"CGGA_1383",-1704.86370689996,-694.727708794273,-2399.59141569423,0.968227143322322
"CGGA_1386",-1129.56329344631,245.602917713768,-883.960375732539,0.889186561961837
"CGGA_1387",-1299.51341695298,-511.693416955715,-1811.20683390869,0.943046754959586
"CGGA_1389",-1952.50075140847,-655.11589228156,-2607.61664369003,0.975410723516798
"CGGA_139",-1561.1396018632,-1336.4334806085,-2897.5730824717,0.983905026842477
"CGGA_1390",-1247.65226077067,-381.62293323227,-1629.27519400294,0.933827707069142
"CGGA_1391",-1227.49973742844,-272.083157363582,-1499.58289479202,0.926848813849064
"CGGA_1392",-347.124835191727,789.201303238188,442.07646804646,0.783896862019176
"CGGA_1398",-1393.12181923677,-446.524406136155,-1839.64622537293,0.944427247943745
"CGGA_1400",-1783.41425476043,-476.557493748674,-2259.9717485091,0.962899048258511
"CGGA_1401",-1528.19432867933,-520.626566512967,-2048.82089519229,0.954073683421173
"CGGA_1402",292.037283385786,1444.30925912005,1736.34654250583,0.652541489080092
"CGGA_1403",-1063.94014138916,-312.845364345016,-1376.78550573418,0.919931314456421
"CGGA_1404",-1475.67534474914,-411.861757732289,-1887.53710248143,0.946714740674405
"CGGA_1407",-1385.2650120686,-169.663095148682,-1554.92810721729,0.929868239864863
"CGGA_1410",-1325.89606427882,-270.845950426762,-1596.74201470558,0.932108761193126
"CGGA_1413",-1605.26913723638,-1414.92151679782,-3020.1906540342,0.986961737067542
"CGGA_1415",68.3580811937739,2035.27381227771,2103.63189347149,0.610760245390468
"CGGA_1416",-1660.49542199891,-337.90782200106,-1998.40324399997,0.951830525429299
"CGGA_1417",-1625.78746248945,-900.489998656412,-2526.27746114587,0.972709824065773
"CGGA_1418",-786.721446501276,107.130448876872,-679.590997624404,0.87506263028068
"CGGA_1419",-1215.99498406661,-480.869465394784,-1696.8644494614,0.937330774525307
"CGGA_1420",-1356.44409236187,-513.254159469919,-1869.69825183179,0.945868135357263
"CGGA_1421",-1248.57451277889,-234.989094271078,-1483.56360704996,0.925963437778039
"CGGA_1422",-983.978300500408,-107.20193617009,-1091.1802366705,0.902690456452243
"CGGA_1424",-1552.81595526062,-804.65889128115,-2357.47484654177,0.966662646996379
"CGGA_1425",-1610.59437278139,-698.300336713714,-2308.8947094951,0.96481216789954
"CGGA_1426",-1012.03612188757,-319.96455778378,-1332.00067967135,0.917333966164612
"CGGA_1427",-1308.49947081512,-128.658078150111,-1437.15754896523,0.923369722407461
"CGGA_1429",-1558.19650896693,-609.605179241186,-2167.80168820812,0.959159938122525
"CGGA_1430",-2082.68439221595,-2023.95554866161,-4106.63994087756,0.999997623592741
"CGGA_1431",-1310.89108422078,36.182718441114,-1274.70836577966,0.913953450073813
"CGGA_1433",-782.470405105619,790.302718915817,7.83231381019755,0.821854943677388
"CGGA_1434",-487.121546596817,792.643701569117,305.5221549723,0.796184060900418
"CGGA_1435",-1309.20726506479,81.9264766493739,-1227.28078841542,0.911106086374803
"CGGA_1437",-1277.16569037375,-728.970231031953,-2006.1359214057,0.952177951776541
"CGGA_1440",-1646.68952403977,-516.893778545584,-2163.58330258535,0.958984601826923
"CGGA_1441",477.888349837487,1595.49050959488,2073.37885943237,0.614270501817144
"CGGA_1443",-24.4861024551527,1880.4586692446,1855.97256678945,0.639135647053488
"CGGA_1444",-1394.56889514078,-417.541804553579,-1812.11069969436,0.943090883022506
"CGGA_1445",-606.678355684877,-987.552142230991,-1594.23049791587,0.931975176578083
"CGGA_1446",-1675.88769235648,-1370.96636761451,-3046.85405997099,0.987584134667373
"CGGA_1447",-1027.82772736541,-652.33610155112,-1680.16382891653,0.936473771005181
"CGGA_1451",-217.835488360944,1004.01852626821,786.183037907262,0.751548675523191
"CGGA_1452",-404.129077375307,933.202998374553,529.073920999245,0.775904246517649
"CGGA_1454",-1781.63697748008,-1521.22121929641,-3302.85819677649,0.992788758140029
"CGGA_1455",-1765.07404712557,-1195.28697273148,-2960.36101985705,0.985510138956251
"CGGA_1457",-660.911132732662,1364.23967099847,703.32853826581,0.759515947172406
"CGGA_1458",-2201.6222376832,-1318.52976164327,-3520.15199932647,0.996106756933146
"CGGA_1459",-1260.76707149898,-316.961473695236,-1577.72854519421,0.931094307702445
"CGGA_1461",-1150.55347114508,-162.513516719127,-1313.0669878642,0.916223955182384
"CGGA_1462",-757.369132004719,452.460004189905,-304.909127814814,0.847132873915454
"CGGA_1463",-1700.90389190562,-1051.76630648967,-2752.67019839529,0.979881960830543
"CGGA_1467",-1472.94032936988,-588.952984654507,-2061.89331402438,0.954646769200336
"CGGA_1469",-1767.31876275802,-1228.62189766502,-2995.94066042304,0.986382546977037
"CGGA_1471",-1043.58348207325,503.89478835265,-539.688693720597,0.86493917547653
"CGGA_1472",-693.687498317852,809.60205187433,115.914553556478,0.812713527813064
"CGGA_1473",-415.518934702083,346.778114560302,-68.7408201417814,0.828206312707
"CGGA_1474",-942.606777883866,36.8514960629963,-905.75528182087,0.890645804394641
"CGGA_1476",-1258.84027471371,-317.638460653056,-1576.47873536677,0.931027370642344
"CGGA_1477",-1231.44679568218,256.47595240915,-974.970843273026,0.895219504311419
"CGGA_1478",-1551.06637282624,-515.152859587375,-2066.21923241361,0.954835640493497
"CGGA_1480",-452.058415375983,1044.34963449531,592.29121911933,0.770016903386714
"CGGA_1481",-604.920563099751,309.791559096724,-295.129004003027,0.846369145847152
"CGGA_1482",-975.494659101771,421.787459792745,-553.707199309026,0.865970082311362
"CGGA_1486",-160.781228350337,478.472572320665,317.691343970328,0.795101984931157
"CGGA_1487",-1532.54083263417,-893.072328098861,-2425.61316073303,0.969175276851912
"CGGA_1488",-1479.14097847715,-547.168013784311,-2026.30899226146,0.953078544489418
"CGGA_1491",-1628.07520453301,-751.979870880375,-2380.05507541338,0.967506028460201
"CGGA_1492",-239.445532589029,530.045211854715,290.599679265686,0.797507489172313
"CGGA_1494",-1255.65961242725,-294.637297234512,-1550.29690966176,0.929617929310798
"CGGA_1496",-1364.59697430626,-516.302387919916,-1880.89936222617,0.946400481408196
"CGGA_1497",-2285.59934340212,-1544.87974820879,-3830.47909161091,0.99908775467154
"CGGA_1498",-52.6045328563909,883.855185355638,831.250652499247,0.747168228730633
"CGGA_1500",-856.28810897726,-191.842117573923,-1048.13022655118,0.899953341089071
"CGGA_1501",-1029.28720375792,559.110077113814,-470.17712664411,0.859773345020852
"CGGA_1502",-841.240786285067,388.274894871184,-452.965891413883,0.858480426196568
"CGGA_1503",340.807980360758,1440.49712033845,1781.30510069921,0.647526604474327
"CGGA_1504",-1054.40447597874,596.214303105267,-458.190172873478,0.858873457075307
"CGGA_1505",-358.450880453749,723.016972758757,364.566092305008,0.790910237364049
"CGGA_1507",375.814290888594,1314.19409640899,1690.00838729759,0.657680517074936
"CGGA_1508",-875.778117221966,582.383024413638,-293.395092808328,0.84623356295567
"CGGA_1510",-1824.89168160765,-808.175522071722,-2633.06720367938,0.976227276617558
"CGGA_1513",-1836.44740752848,-898.192454767022,-2734.6398622955,0.979350317827185
"CGGA_1514",-612.201512725631,-295.478242277299,-907.67975500293,0.890774216579716
"CGGA_1516",-1886.0756437922,-788.151798645184,-2674.22744243738,0.977519017088281
"CGGA_1517",-1738.22891442437,-601.145816068461,-2339.37473049283,0.965978931057332
"CGGA_1518",-1646.21425493242,-894.804820988111,-2541.01907592053,0.973209624772665
"CGGA_1520",-758.728578453444,300.127067288902,-458.601511164543,0.858904381252562
"CGGA_1521",-815.073499425625,244.712483407205,-570.361016018419,0.867190021337527
"CGGA_1523",-1164.93190962988,-169.813895566009,-1334.74580519589,0.917494314591855
"CGGA_1524",-1590.5040980743,-624.89510937038,-2215.39920744468,0.961112817538735
"CGGA_1525",-1042.00566434142,572.775952072215,-469.229712269203,0.859702317306233
"CGGA_1526",-1375.12315844824,-233.687550824051,-1608.81070927229,0.932748913467149
"CGGA_1527",-1327.29947386578,-106.642457745194,-1433.94193161098,0.92318840724531
"CGGA_1528",-1472.72650305878,-96.948213721934,-1569.67471678071,0.930662412812849
"CGGA_1529",-1544.76632327956,-690.411086060665,-2235.17740934022,0.961910505093933
"CGGA_1530",-1012.66592197948,93.8127943367892,-918.853127642688,0.891518365038166
"CGGA_1531",-1201.32288926126,205.02768337762,-996.295205883642,0.896609999366135
"CGGA_1533",-575.891472672533,711.837348328428,135.945875655895,0.81099677332495
"CGGA_1534",-1215.42340321482,99.8681104608015,-1115.55529275402,0.904224244058252
"CGGA_1535",198.724554598733,2218.00081935042,2416.72537394915,0.573737499973295
"CGGA_1536",-918.987570505541,464.292667099994,-454.694903405547,0.858610558382444
"CGGA_1537",-536.747880531875,336.223616110069,-200.524264421806,0.838891669779886
"CGGA_1538",-1135.00194406432,-161.236981215721,-1296.23892528004,0.915231448744806
"CGGA_1539",-1402.88747629789,-588.329305109233,-1991.21678140713,0.951506540861683
"CGGA_1541",-1269.88275527359,-465.650619691096,-1735.53337496469,0.939293466539641
"CGGA_1542",-614.009371723029,342.17685789588,-271.832513827148,0.844542903876523
"CGGA_1543",-411.617843402882,1054.1137171845,642.495873781617,0.765294147482212
"CGGA_1544",-1932.08091983723,-1027.87300827074,-2959.95392810797,0.985500001532795
"CGGA_1546",3.6739690212391,1120.1982188042,1123.87218782544,0.717939487563807
"CGGA_1548",-573.62723411348,647.37903435765,73.7518002441695,0.816304045883905
"CGGA_1551",226.689945802092,1697.66100606274,1924.35095186483,0.631384067248871
"CGGA_1552",-1615.15540879153,-694.45526951334,-2309.61067830487,0.964839796498812
"CGGA_1553",-1415.6259716039,-985.46996024211,-2401.09593184601,0.96828234707643
"CGGA_1554",-1355.24575032627,-372.757187622428,-1728.0029379487,0.938913620230238
"CGGA_1557",-1639.85272279169,-638.666651721799,-2278.51937451349,0.963630198159341
"CGGA_1558",-810.043373202309,450.88247656036,-359.160896641949,0.851337637339463
"CGGA_1559",-1431.00480921881,-69.4426193825049,-1500.44742860132,0.92689645038669
"CGGA_1560",-1613.54442901921,-593.659573272442,-2207.20400229165,0.960779917252079
"CGGA_1562",-1808.39996594637,-946.980583600603,-2755.38054954698,0.97996128497383
"CGGA_1563",-162.427543928635,472.353141805469,309.925597876834,0.795792802906363
"CGGA_1564",-1440.11087128749,-196.32845010106,-1636.43932138855,0.934203376116697
"CGGA_1565",-843.4538258483,352.888997508189,-490.564828340112,0.861297780979552
"CGGA_1566",-1951.05287292184,-921.455667924283,-2872.50854084613,0.983240927636596
"CGGA_1567",-1148.85118250852,832.833047307207,-316.018135201315,0.847998256294976
"CGGA_1568",-1161.80588383538,97.4343871434531,-1064.37149669193,0.900990186871458
"CGGA_1569",-1384.09433131448,-312.633294360282,-1696.72762567477,0.937323776199999
"CGGA_157",-1375.86612269296,277.319948579713,-1098.54617411325,0.903155173533011
"CGGA_1571",-1285.79672210071,60.6703793097362,-1225.12634279097,0.910975692421737
"CGGA_1572",-840.242207666854,978.942776594461,138.700568927607,0.810760137704587
"CGGA_1575",-685.774735478401,807.516800211229,121.742064732828,0.812214813763685
"CGGA_1579",-1541.11932815398,-779.247034144805,-2320.36636229878,0.965253566056629
"CGGA_1580",-1253.94412518584,-8.20478309259479,-1262.14890827843,0.913203736381844
"CGGA_1583",-1438.74559655656,-769.59960870792,-2208.34520526448,0.960826357792122
"CGGA_1586",-205.889881385047,808.631371039597,602.741489654549,0.769037283506858
"CGGA_1587",-721.231804567401,634.294116682715,-86.9376878846854,0.829700297056167
"CGGA_1588",-220.121613456578,1643.89023877382,1423.76862531724,0.686610374607996
"CGGA_1589",-1380.44367186211,-1103.88130815106,-2484.32498001317,0.971262547444016
"CGGA_1591",-1366.47775544649,-888.117403856653,-2254.59515930314,0.962685767773925
"CGGA_1592",-1648.99110288854,-910.764191791051,-2559.75529467959,0.973838281937916
"CGGA_1594",-1128.9572864177,-63.3833386304404,-1192.34062504814,0.908980160691273
"CGGA_1595",-1699.01398275596,-467.211745528571,-2166.22572828453,0.959094476714076
"CGGA_1596",-1073.58440170257,128.168388391154,-945.41601331142,0.893277826329148
"CGGA_1597",-408.063245755566,1243.84002448696,835.77677873139,0.746726491803251
"CGGA_1598",-1385.40225315041,322.895764984225,-1062.50648816619,0.900871384516172
"CGGA_1601",-293.960340662732,1017.91339610756,723.953055444828,0.75754315417546
"CGGA_1603",-899.996368217622,288.851095661793,-611.145272555829,0.870155682637318
"CGGA_1604",-807.713587071901,449.798050932326,-357.915536139575,0.851241720565265
"CGGA_1605",-1335.31885654452,-750.380983403777,-2085.6998399483,0.955681399675428
"CGGA_1606",-1305.27903670811,-599.224663073139,-1904.50369978125,0.947513927211706
"CGGA_1607",-808.339271081012,379.713985892784,-428.625285188228,0.85664259231658
"CGGA_1608",-990.524291970443,1324.92331663696,334.399024666521,0.793612217300465
"CGGA_1610",-199.321398762397,1005.5616355656,806.240236803206,0.749603221833868
"CGGA_1611",-1780.72361754428,-670.836611595376,-2451.56022913966,0.970106609989562
"CGGA_1612",-636.225090361286,645.730972177174,9.50588181588842,0.821714966951494
"CGGA_1613",-513.405969481509,1160.84802346791,647.442053986397,0.764826606657731
"CGGA_1614",-1164.57605001125,256.216363435601,-908.359686575645,0.890819568625329
"CGGA_1615",-735.698678394654,538.516703600817,-197.181974793838,0.83862453094035
"CGGA_1617",-1710.38758054758,-716.067556789642,-2426.45513733722,0.969205719186326
"CGGA_1618",-1654.36624038616,-495.76816009674,-2150.1344004829,0.958423146585392
"CGGA_1619",-1335.82692571096,-367.601229563513,-1703.42815527447,0.937666053761185
"CGGA_1620",-1501.88787999033,-683.379531018532,-2185.26741100886,0.959881982840605
"CGGA_1621",-1448.52102862265,-367.002008652719,-1815.52303727537,0.943257328733166
"CGGA_1623",-844.144895820279,-114.872292341851,-959.01718816213,0.894173479737963
"CGGA_1624",-1566.95040226795,-151.350758989736,-1718.30116125768,0.938422557314374
"CGGA_1626",-414.564144207413,952.456156688834,537.892012481422,0.775087027684564
"CGGA_1627",-1360.88493938278,19.0906274194879,-1341.79431196329,0.917905349969971
"CGGA_1630",-1293.67604004326,47.2411604546174,-1246.43487958864,0.912261345600427
"CGGA_1631",-565.620698495629,881.357071337225,315.736372841596,0.795275990767495
"CGGA_1634",-797.84044474019,760.083923506764,-37.7565212334252,0.825648874250921
"CGGA_1635",-1309.95010119479,-796.742681653982,-2106.69278284877,0.956584069322756
"CGGA_1640",-1230.2337451033,-61.7746325000738,-1292.00837760338,0.914981055558794
"CGGA_1641",-1198.46845769833,-283.343770093313,-1481.81222779164,0.925866329569064
"CGGA_1642",-1424.41403689676,-38.2950407080615,-1462.70907760482,0.924803150405971
"CGGA_1643",-1049.32030360744,-60.4220199463695,-1109.74232355381,0.903859516413876
"CGGA_1644",-809.535974753025,625.740107596868,-183.795867156156,0.837552598380029
"CGGA_1645",-1740.71407196993,-346.031644995623,-2086.74571696556,0.955726585914337
"CGGA_1647",-1049.80913858239,331.262082393688,-718.547056188704,0.877816019912788
"CGGA_1648",-1128.3542158553,250.125714261862,-878.228501593436,0.888801281589792
"CGGA_1649",-1023.55230961486,388.010872994969,-635.541436619893,0.871914769937607
"CGGA_165",-1381.03726472312,-55.293828041873,-1436.33109276499,0.923323141652902
"CGGA_1650",-1087.14706485173,295.851856515453,-791.295208336274,0.882880893786341
"CGGA_1651",-1682.99041944095,-916.24708168212,-2599.23750112307,0.975138908642603
"CGGA_1653",-1460.70237017027,-95.0941067176232,-1555.79647688789,0.929915126343322
"CGGA_1654",-1092.05213160059,362.51969663314,-729.532434967454,0.87858727504212
"CGGA_1655",-1181.86376875844,205.630253982564,-976.233514775878,0.895302083618732
"CGGA_1656",-1625.3872836876,-525.963699864423,-2151.35098355202,0.958474089326829
"CGGA_1657",-1230.84065084063,-146.141799287618,-1376.98245012824,0.919942648759625
"CGGA_1658",145.031007377148,1952.53354963858,2097.56455701573,0.611465205601488
"CGGA_1659",-770.163516359795,908.126841700714,137.96332534092,0.810823481920555
"CGGA_1660",-1842.98517282314,-651.669680189679,-2494.65485301282,0.971622327598003
"CGGA_1661",-1135.21322239474,10.2957276084757,-1124.91749478626,0.904810279846934
"CGGA_1662",-1615.41635467564,-235.446256077911,-1850.86261075355,0.944967184685586
"CGGA_1663",43.7270103795392,1786.27469246221,1830.00170284174,0.642062952508928
"CGGA_1664",-1533.6192601444,-671.281800845971,-2204.90106099037,0.960686118400202
"CGGA_1666",-418.279353539711,904.07081832283,485.791464783119,0.779896582985903
"CGGA_1667",-1431.63867738412,-520.572179592309,-1952.21085697643,0.949729590931455
"CGGA_1669",-1395.03662395596,-604.899351041734,-1999.93597499769,0.951899487929277
"CGGA_1670",-870.951820524288,13.9788294117427,-856.972991112546,0.887367055674407
"CGGA_1671",-1765.99300109819,-211.267422127319,-1977.26042322551,0.95087432715819
"CGGA_1672",-1471.81666430177,-373.756566595994,-1845.57323089777,0.944712882466597
"CGGA_1673",-1961.28128121724,-1318.92932529785,-3280.21060651509,0.992384753560872
"CGGA_1675",-985.101425913424,817.8675972782,-167.233828635224,0.836221868541858
"CGGA_1677",-1063.11017035581,399.082389001794,-664.027781354017,0.873954627813031
"CGGA_1678",-387.445344332484,431.107912356326,43.6625680238423,0.818847289643148
"CGGA_1679",-1694.10177609782,-812.719963981927,-2506.82174007975,0.972043224061893
"CGGA_1680",-870.867334276759,1264.03192499367,393.164590716916,0.788334428835597
"CGGA_1681",-952.766484671816,849.635853404092,-103.130631267724,0.831024779459666
"CGGA_1682",-418.828578564916,587.279095210014,168.450516645097,0.8081960980945
"CGGA_1684",-91.156606648583,1311.35150968918,1220.19490304059,0.7080257782211
"CGGA_1685",-1647.37511578616,-855.070212559193,-2502.44532834535,0.971892185184319
"CGGA_1686",-1537.58992232219,-348.151773428305,-1885.74169575049,0.94662982703269
"CGGA_1687",-738.158128624449,844.981745818685,106.823617194236,0.813490335742507
"CGGA_1688",-1441.94176306024,-646.705681554189,-2088.64744461443,0.955808690743748
"CGGA_1689",-1452.42079104857,-77.7258024163338,-1530.14659346491,0.92852382979104
"CGGA_1690",-772.970952798392,259.294749506189,-513.676203292204,0.863016543090896
"CGGA_1693",-1601.84131470189,-454.267123467206,-2056.1084381691,0.95439359771032
"CGGA_1694",-799.99659198795,128.363147714269,-671.633444273681,0.874496673068194
"CGGA_1695",-1961.16447450641,-1031.45542021928,-2992.61989472569,0.986302260260332
"CGGA_1696",-112.73210451827,729.753611291274,617.021506773003,0.767695733521915
"CGGA_1697",-1365.09636604037,-367.254812199322,-1732.3511782397,0.939133091855316
"CGGA_1698",-596.659751336886,502.989198435562,-93.6705529013245,0.830251573449853
"CGGA_1699",-1435.88871620399,-589.507249817073,-2025.39596602106,0.953037964474528
"CGGA_1700",-814.748374435505,443.393815633461,-371.354558802043,0.852275280978733
"CGGA_1701",-1909.07715434386,-768.495173480548,-2677.57232782441,0.977622423238057
"CGGA_1702",-1304.80226688383,-1180.47478445008,-2485.27705133391,0.971295800665973
"CGGA_1703",-1012.31976011623,199.288385165708,-813.031374950524,0.884374701544079
"CGGA_1704",-1184.62901726512,-15.2353052831179,-1199.86432254824,0.90943996013904
"CGGA_1706",434.33502880569,1707.02663664117,2141.36166544686,0.606365594395058
"CGGA_1708",-1040.10215450177,894.190752066177,-145.91140243559,0.834501373938884
"CGGA_1709",-1027.10182923538,194.519960685923,-832.58186854946,0.885710609851199
"CGGA_1713",-1602.39424232184,-1118.66159642831,-2721.05583875015,0.978945247613548
"CGGA_1714",-1027.88606385116,658.719768876825,-369.166294974337,0.852107213226586
"CGGA_1715",-1052.93122317522,-101.99502455086,-1154.92624772608,0.906677183449246
"CGGA_1716",-985.257658933795,310.092701952763,-675.164956981033,0.87474798866762
"CGGA_1718",-1540.40884462034,-117.212516644963,-1657.6213612653,0.935308065040121
"CGGA_1720",-1572.73448946359,-1168.0301088792,-2740.76459834279,0.979531681516714
"CGGA_1721",-1467.43710571167,-321.21677870424,-1788.65388441591,0.941940313901092
"CGGA_1722",-616.061329785282,980.437773205729,364.376443420447,0.790927272182542
"CGGA_1723",-1644.85223762507,-546.920664471146,-2191.77290209622,0.960149311812494
"CGGA_1725",-1583.0210899837,-621.742757426895,-2204.76384741059,0.960680526222483
"CGGA_1727",-1297.56536335682,161.181844304316,-1136.3835190525,0.905525678279452
"CGGA_1728",-1062.22369140375,581.781202334984,-480.442489068769,0.860541873425608
"CGGA_1729",-841.877574799489,111.212754772125,-730.664820027364,0.878666647028722
"CGGA_1731",-1336.88149754026,-60.0053775163378,-1396.88687505659,0.921084196860624
"CGGA_1735",-1756.82298053585,-1292.42208396145,-3049.2450644973,0.987639208334264
"CGGA_1736",-463.218133906765,641.596321565713,178.378187658948,0.807337036122328
"CGGA_1737",-1694.39063242332,-835.209957696812,-2529.60059012013,0.972822889381709
"CGGA_1738",-1226.76848645502,-254.229462559535,-1480.99794901456,0.925821159654736
"CGGA_1739",-1171.73744784633,-33.8812568371275,-1205.61870468346,0.909790881951127
"CGGA_1740",-1857.27544830642,-1001.59143097037,-2858.8668792768,0.982873890311389
"CGGA_1743",-1595.95769017715,-1062.64500104487,-2658.60269122203,0.97703286148714
"CGGA_1744",-697.616027861653,785.67322137941,88.0571935177574,0.815089317415255
"CGGA_1745",-1579.43299993352,-1293.99513991586,-2873.42813984938,0.983265528187868
"CGGA_1747",-811.056288555851,996.547929776775,185.491641220925,0.806720439764047
"CGGA_1749",-1600.50495953902,-629.531526964231,-2230.03648650325,0.961703942723802
"CGGA_1750",-1335.31071271401,-657.413809563607,-1992.72452227761,0.951574601552883
"CGGA_1758",-1505.03692648348,-1286.22114036248,-2791.25806684596,0.980996695165935
"CGGA_1760",-595.206429027629,739.967064245353,144.760635217724,0.810239095047009
"CGGA_1764",-917.557506793881,-4.18605041192717,-921.743557205809,0.891710477768542
"CGGA_1767",-579.564738956463,555.265334797896,-24.299404158567,0.824532803398555
"CGGA_1769",-1441.8974099352,-978.205544804396,-2420.1029547396,0.968975685523139
"CGGA_1770",-1303.08686726163,-140.87942484159,-1443.96629210322,0.923752959824219
"CGGA_1771",-1899.08120959526,-1378.69322647552,-3277.77443607078,0.992340641926865
"CGGA_1773",-976.627365357783,165.958531300982,-810.6688340568,0.884212772861999
"CGGA_1776",-1325.32048314942,-689.471105702923,-2014.79158885234,0.952565392557099
"CGGA_1780",-759.629075616472,28.5289220965542,-731.100153519918,0.878697154291397
"CGGA_1785",-1530.53384230655,-337.636118451557,-1868.1699607581,0.945795303236846
"CGGA_1786",-2069.99811665967,-936.484375099991,-3006.48249175966,0.986635865576523
"CGGA_1791",-622.167446773911,108.037649611805,-514.129797162107,0.863050176944482
"CGGA_1807",-1500.335597097,-969.97797858812,-2470.31357568512,0.970770974292963
"CGGA_1809",-1380.80929416193,-370.437605198927,-1751.24689936086,0.940082383206678
"CGGA_1811",112.351967149568,1669.74863967869,1782.10060682826,0.647437615500121
"CGGA_1812",-729.374312005146,199.74376324763,-529.630548757516,0.864197252743375
"CGGA_1814",-350.538120713765,421.481705848648,70.9435851348836,0.816542080243178
"CGGA_1815",-966.149208248525,238.936156636478,-727.213051612048,0.878424627299618
"CGGA_1817",-655.935591650211,820.826753518131,164.89116186792,0.808503678561676
"CGGA_1819",-1109.30912739635,-95.3161909294639,-1204.62531832582,0.909730348218838
"CGGA_1820",-1586.19942871759,-535.297507365036,-2121.49693608262,0.957215168000803
"CGGA_1826",-1109.46268152031,-138.003714061888,-1247.4663955822,0.912323355863768
"CGGA_1829",-1230.05512566169,-610.194186832476,-1840.24931249416,0.944456344618478
"CGGA_1833",-1061.17805829926,-322.128994700147,-1383.30705299941,0.920306225738501
"CGGA_1840",-1125.94462230226,-538.970177934428,-1664.91480023669,0.935686341381502
"CGGA_1850",-1449.81198456279,-63.2680450949309,-1513.08002965772,0.927590814272991
"CGGA_1854",-1275.93983902064,161.509617938593,-1114.43022108204,0.904153704182958
"CGGA_1857",60.20887446603,1834.70509360079,1894.91396806682,0.634728975614936
"CGGA_1862",-1703.59129778262,-950.785701042018,-2654.37699882464,0.976900498329728
"CGGA_1863",-1942.34828397039,-1091.45812506188,-3033.80640903227,0.98728145601203
"CGGA_1865",-919.778570327456,264.495593234475,-655.282977092981,0.873330051304795
"CGGA_1866",-1274.31668640781,-414.597332570691,-1688.9140189785,0.936923495061867
"CGGA_1870",-1979.21882469422,-1360.50177145731,-3339.72059615154,0.993422872127942
"CGGA_1875",-584.502808735766,1090.99873454497,506.495925809205,0.777990739162196
"CGGA_1877",-1893.54109685144,-898.231146361982,-2791.77224321343,0.981011336391061
"CGGA_1880",-1705.3273260947,-610.166196267714,-2315.49352236241,0.965066406671444
"CGGA_1882",-1640.40641254678,-402.085087086922,-2042.4914996337,0.953794944742955
"CGGA_1886",-1338.49488187401,-62.442499660704,-1400.93738153472,0.921315536845784
"CGGA_1899",-812.745392947505,341.942324753138,-470.803068194367,0.859820262775724
"CGGA_1901",17.0583010263604,1477.28334610211,1494.34164712847,0.679042191025971
"CGGA_1902",-1515.09729783163,-588.83487060014,-2103.93216843177,0.956465884965598
"CGGA_1903",-1188.54776684569,-66.7167210346493,-1255.26448788034,0.912791466461891
"CGGA_1906",-894.862532625809,820.22353231985,-74.6390003059587,0.828691208030701
"CGGA_1908",-1080.36903812855,-176.211290403431,-1256.58032853198,0.912870336961446
"CGGA_1911",-1748.66428124661,-173.779813299621,-1922.44409454623,0.948352590254915
"CGGA_1912",-702.259672129546,720.098212382871,17.8385402533249,0.821017287943886
"CGGA_1916",-1532.62822132727,-761.155167307666,-2293.78338863494,0.964226549928881
"CGGA_1939",-1108.65077079792,215.395283948918,-893.255486849007,0.88981001487667
"CGGA_194",-1709.06457734005,-779.330925318004,-2488.39550265806,0.97140458672587
"CGGA_1946",-553.942305070875,317.007820002446,-236.934485068429,0.841788730849466
"CGGA_1953",-1249.79207592081,559.613873781164,-690.178202139644,0.875813762494232
"CGGA_1955",-1549.50010869342,-718.2347998676,-2267.73490856102,0.963205941883024
"CGGA_1972",-205.971232147171,778.265086910703,572.293854763532,0.771886425381953
"CGGA_1976",-69.5601963299088,126.92284055652,57.3626442266116,0.817691290626118
"CGGA_1985",-1681.78247782654,-575.71167248014,-2257.49415030668,0.96280084049874
"CGGA_1994",-1725.21433578286,-857.67913045357,-2582.89346623643,0.974604472269671
"CGGA_2002",-1356.06524070889,-494.39400600333,-1850.45924671222,0.944947811856156
"CGGA_2003",-596.783000252781,487.657723936446,-109.125276316335,0.831513913861449
"CGGA_2006",-245.468499130763,740.31779568955,494.849296558787,0.779063695697298
"CGGA_2008",-223.2157277543,1000.27716646555,777.06143871125,0.75243127362631
"CGGA_2013",-1132.64883834093,-168.100298253678,-1300.74913659461,0.915498005650168
"CGGA_2024",-1517.6894657165,-1342.32573479336,-2860.01520050986,0.982904938535959
"CGGA_2038",-847.838514163293,24.1908500447896,-823.647664118503,0.885101029506214
"CGGA_2039",-1241.1086374067,-364.487409628472,-1605.59604703517,0.932578686069765
"CGGA_2046",-656.809551739253,625.627468355115,-31.1820833841373,0.825104023108933
"CGGA_2047",-697.829474644542,1116.06461283862,418.235138194078,0.786064946629335
"CGGA_2053",-1488.31579934946,-1101.0341422082,-2589.34994155766,0.974816264119989
"CGGA_2056",-407.039099432407,1012.96694943778,605.927850005368,0.768738230468498
"CGGA_2062",-970.599159848311,246.277975873892,-724.321183974419,0.878221691236621
"CGGA_2075",-614.762628120095,632.569427482868,17.8067993627735,0.821019947884655
"CGGA_2078",-135.096694992633,839.568719798002,704.47202480537,0.759406751584351
"CGGA_2079",-1544.55246540568,-868.128136221614,-2412.68060162729,0.968705830143768
"CGGA_2081",-1794.68906316217,-984.676661412587,-2779.36572457475,0.98065650033342
"CGGA_2082",-592.063161887485,1146.38118904859,554.318027161103,0.773561281168015
"CGGA_2088",-145.899005195615,1090.37984762107,944.480842425452,0.736018718806887
"CGGA_2106",-1140.82232540778,-130.863911740204,-1271.68623714798,0.913773333376272
"CGGA_2115",-1380.53294963145,-556.321563993941,-1936.85451362539,0.949021474081522
"CGGA_2121",221.467280918602,937.400423209903,1158.86770412851,0.714354181390675
"CGGA_2129",-991.078402437691,-591.026400754424,-1582.10480319212,0.931328443445723
"CGGA_265",-965.945549148956,5.99280633554266,-959.952742813414,0.894234956144072
"CGGA_279",-1348.94870817501,-99.2348041578855,-1448.1835123329,0.923989867860328
"CGGA_28",-1627.41998549213,-301.177900953032,-1928.59788644516,0.948638748146553
"CGGA_288",-668.939906308348,577.121218430314,-91.818687878034,0.83010002648301
"CGGA_290",-1235.21160018411,-772.38305718117,-2007.59465736528,0.952243354718894
"CGGA_320",-1451.45524302611,-531.389822425169,-1982.84506545127,0.951127786815469
"CGGA_336",-1879.62443133567,-639.890613247108,-2519.51504458278,0.972479026587193
"CGGA_358",-801.965050718662,652.453992399065,-149.511058319597,0.834792402165559
"CGGA_362",-593.627497272844,1042.54555495117,448.918057678325,0.783272927044803
"CGGA_369",-1247.62256439647,-602.8943603399,-1850.51692473637,0.94495058222804
"CGGA_406",-2252.19665253022,-1566.63614469393,-3818.83279722416,0.999013290002588
"CGGA_42",-1619.35996872672,-258.08025624539,-1877.44022497211,0.946236354795881
"CGGA_420",-2100.52231006435,-1125.63006859908,-3226.15237866343,0.991376098624177
"CGGA_457",-2365.31929761364,-1614.96551240814,-3980.28481002177,0.999785191757065
"CGGA_474",-1378.19536243351,-1133.08587185063,-2511.28123428414,0.97219671764004
"CGGA_482",-1438.78098686986,-168.768244573052,-1607.54923144291,0.932682138644362
"CGGA_487",-442.49260101134,378.192980860374,-64.2996201509657,0.82784078744934
"CGGA_492",-395.685449033847,978.435865903047,582.7504168692,0.770909686516956
"CGGA_503",-1326.56629327211,-723.110370256199,-2049.67666352831,0.954111307193961
"CGGA_507",-1453.60446599736,-993.245769097317,-2446.85023509468,0.9699385964678
"CGGA_509",-1806.3178222575,-1095.710224211,-2902.02804646851,0.984021669898877
"CGGA_521",-943.557925975949,448.788038864795,-494.769887111155,0.861611243879409
"CGGA_530",-847.183553041536,426.224016611078,-420.959536430458,0.856061525625475
"CGGA_554",-1429.07471825936,-214.798662826981,-1643.87338108634,0.934592107494371
"CGGA_568",-634.913747363738,1267.12271836659,632.208971002853,0.766265231239755
"CGGA_583",-1477.36054069854,-727.693005694241,-2205.05354639278,0.960692332528106
"CGGA_619",-1541.71269688664,-127.37994312974,-1669.09264001638,0.935902543177587
"CGGA_621",-1646.36891626968,-599.58031389796,-2245.94923016764,0.962341540581073
"CGGA_625",-1515.23739115787,-346.833087515793,-1862.07047867366,0.945504152761181
"CGGA_634",-1644.20924551515,-1341.99298759228,-2986.20223310743,0.986146435288051
"CGGA_652",-1498.209745495,-396.23482577947,-1894.44457127447,0.947040815766132
"CGGA_663",-1665.03196863158,-1254.09359105593,-2919.12555968751,0.984465422289358
"CGGA_703",770.763792344968,1369.05567006365,2139.81946240862,0.606545591086948
"CGGA_705",-1048.63234297272,-4.74459820402896,-1053.37694117675,0.900288851927597
"CGGA_707",-1514.11855677287,-1081.30473836791,-2595.42329514078,0.975014689236219
"CGGA_720",-1814.31376240187,-1044.43060203333,-2858.74436443519,0.982870576115494
"CGGA_721",-1187.3971349575,-97.2604926251468,-1284.65762758265,0.914545148011004
"CGGA_724",-1507.89771623213,-626.750084269334,-2134.64780050146,0.957771996132172
"CGGA_730",-1075.93193070868,-154.468634970388,-1230.40056567906,0.91129474377672
"CGGA_763",-1297.96958665359,-603.216564916049,-1901.18615156964,0.94735812107266
"CGGA_777",-74.7183470968897,645.94624018848,571.22789309159,0.771985893883516
"CGGA_780",-1298.42222744142,-540.22059789134,-1838.64282533276,0.944378821282319
"CGGA_799",-1885.75975864647,-1058.41302472498,-2944.17278337144,0.985104306495645
"CGGA_809",-1550.65516411025,59.5367675203274,-1491.11839658993,0.926381624524009
"CGGA_810",-589.284470126284,1920.73338434114,1331.44891421486,0.696399288738709
"CGGA_825",-1485.89361284269,-114.31966027171,-1600.2132731144,0.932293184779056
"CGGA_831",-535.126951520705,-163.935022410365,-699.06197393107,0.876442408936053
"CGGA_846",-936.477361610253,396.196820980886,-540.280540629366,0.864982773383551
"CGGA_852",-874.326066792846,184.723078120368,-689.602988672477,0.875773007048797
"CGGA_861",-611.497057914224,222.755590071235,-388.741467842989,0.853607541312887
"CGGA_862",-1445.70830915362,-837.193042112534,-2282.90135126616,0.963801893359871
"CGGA_863",-1472.19491101495,-293.46824607065,-1765.6631570856,0.940801769979143
"CGGA_867",-762.907125255367,459.734371736683,-303.172753518684,0.846997408190871
"CGGA_869",97.896013991407,1514.74097246538,1612.63698645679,0.666193280266245
"CGGA_881",-1000.75569955404,-136.214354488149,-1136.97005404219,0.905562204947102
"CGGA_882",-1437.00776794589,-1090.06440100405,-2527.07216894994,0.97273688406485
"CGGA_883",-1654.20523781097,-694.396715781436,-2348.60195359241,0.966328333620549
"CGGA_887",-1062.22873478865,-673.170638389897,-1735.39937317854,0.939286717320949
"CGGA_888",-1520.99991848993,-1015.11899369683,-2536.11891218676,0.973043994800324
"CGGA_889",-1747.38467430772,-1618.13913528447,-3365.52380959218,0.993849439252216
"CGGA_890",-1693.68726825362,-916.007596166333,-2609.69486441996,0.975477911516138
"CGGA_901",-1465.98631827342,-198.734643097306,-1664.72096137073,0.935676301742835
"CGGA_903",-1202.73524206846,-4.97837774595113,-1207.71361981441,0.909918475847655
"CGGA_D19",-1885.18888763748,-1186.25630899581,-3071.44519663329,0.9881447497045
"CGGA_D28",-2019.42454843438,-956.409175141619,-2975.833723576,0.985892832124623
"CGGA_D49",-1239.77258774985,-615.726820239789,-1855.49940798964,0.945189643549328
"CGGA_D50",-1265.91219127051,-719.851703028765,-1985.76389429927,0.951260003893842
"CGGA_D53",-1980.74214765461,-1137.27620338969,-3118.0183510443,0.989171209232414
"CGGA_J50",-1674.87297538477,-316.57424482043,-1991.4472202052,0.951516946080228
"CGGA_J73",-1983.48781718533,-1421.89740501936,-3405.38522220469,0.994480382304749
"CGGA_P100",-1224.55722564759,-406.647805747047,-1631.20503139464,0.933929004590976
"CGGA_P102",-1738.58111101777,715.498797453884,-1023.08231356388,0.898344252412553
"CGGA_P103",-1814.12398953351,-1470.78829951766,-3284.91228905117,0.992469527918797
"CGGA_P104",-1051.78247072595,268.518341433196,-783.264129292756,0.882326686989333
"CGGA_P106",-1454.02473440371,-256.989918081988,-1711.0146524857,0.938052493522776
"CGGA_P107",-1220.33181190704,-460.97694837715,-1681.30876028419,0.936532703670697
"CGGA_P108",-1313.52839213247,-530.925374667269,-1844.45376679974,0.94465898797026
"CGGA_P109",-1233.25614801607,100.763624004217,-1132.49252401186,0.905283195279033
"CGGA_P11",-1632.54424750477,-264.466261028905,-1897.01050853368,0.947161695821325
"CGGA_P110",-800.416113598888,-171.124404834891,-971.54051843378,0.894995004206298
"CGGA_P111",-1485.7407088881,-507.316569241858,-1993.05727812996,0.95158961615357
"CGGA_P112",-1045.65961999643,-661.836853114178,-1707.4964731106,0.937873429693017
"CGGA_P113",-1418.44109828337,-1350.31245156861,-2768.75354985197,0.980350403052639
"CGGA_P114",-1863.11384245482,-1099.91064041526,-2963.02448287008,0.985576377840629
"CGGA_P115",-605.353459492143,128.397099212904,-476.956360279239,0.860281099318937
"CGGA_P116",-1205.46333556867,-367.534591765174,-1572.99792733384,0.930840781078549
"CGGA_P121",-1242.69597150941,-382.063229685204,-1624.75920119461,0.933590368930297
"CGGA_P122",-1427.51614395677,-641.667901733762,-2069.18404569053,0.954964863051475
"CGGA_P128",-1435.65536299376,-987.709854668927,-2423.36521766269,0.96909392815681
"CGGA_P13",-1993.74541002195,-1712.55721970808,-3706.30262973003,0.998143430144808
"CGGA_P131",-1661.24568722514,-735.489722782377,-2396.73541000751,0.968122220768062
"CGGA_P132",-1321.08915471778,-408.565986453047,-1729.65514117083,0.938997058045161
"CGGA_P136",-990.455018449247,-432.996996281415,-1423.45201473066,0.922595495165121
"CGGA_P137",-1523.40522471175,-579.578704225873,-2102.98392893763,0.956425253749586
"CGGA_P142",-969.689189651918,-176.205874686704,-1145.89506433862,0.906117184673165
"CGGA_P143",-140.342927971714,1058.68648334104,918.343555369327,0.738610558885008
"CGGA_P144",-1005.46168386951,-329.170051244179,-1334.63173511369,0.917487654490187
"CGGA_P145",-1097.18795336324,-306.47010244859,-1403.65805581183,0.92147074215705
"CGGA_P146",-1530.1145746184,-660.675499739763,-2190.79007435816,0.960108980789452
"CGGA_P147",-451.758012095347,567.688575398137,115.93056330279,0.812712158525414
"CGGA_P15",-1416.94316855754,2.67211450836393,-1414.27105404917,0.922074772933518
"CGGA_P150",-1290.83224006663,-101.030602860506,-1391.86284292714,0.920796802687331
"CGGA_P151",-1478.34716992119,-560.802334019446,-2039.14950394064,0.953647435283454
"CGGA_P153",-1318.24738409438,-1043.19497626882,-2361.4423603632,0.966811604697162
"CGGA_P154",-1696.16981764204,-975.953825329001,-2672.12364297104,0.977453858025069
"CGGA_P155",-1443.12898827574,-820.682811457159,-2263.81179973289,0.963051009656312
"CGGA_P156",-1711.04033114601,-817.029512904919,-2528.06984405093,0.972770836411036
"CGGA_P157",-1060.77565495041,-213.92886865838,-1274.70452360879,0.913953221197365
"CGGA_P158",-1460.05249303935,-1104.16552073881,-2564.21801377816,0.973986933728623
"CGGA_P159",-845.475695273888,-142.415090367833,-987.890785641721,0.896063021507165
"CGGA_P16",-1620.32076639748,-938.298984434074,-2558.61975083155,0.973800390625924
"CGGA_P160",417.139944649184,1684.64508463996,2101.78502928914,0.610974882754684
"CGGA_P163",-1000.77756287406,843.918897971615,-156.858664902445,0.835385724596317
"CGGA_P164",-621.3551329585,321.071140612546,-300.283992345954,0.84677191544087
"CGGA_P165",-1577.05179596748,-1033.28722522015,-2610.33902118764,0.975498718403557
"CGGA_P17",-1459.50877538792,-391.825433191408,-1851.33420857933,0.944989830456781
"CGGA_P172",-1420.99991625513,-845.407820709001,-2266.40773696413,0.963153564696234
"CGGA_P173",-789.500954172661,399.293698632204,-390.207255540456,0.853719602310455
"CGGA_P174",-1267.63622487284,-538.602524084122,-1806.23874895696,0.94280390934749
"CGGA_P175",-528.38472506932,753.219369559301,224.834644489982,0.803294309334256
"CGGA_P176",-1797.72254119485,-1420.4703508563,-3218.19289205115,0.991222311387387
"CGGA_P177",-1190.51650446161,-100.12193861895,-1290.63844308056,0.914899897687597
"CGGA_P178",-527.147562426023,-274.220648292846,-801.368210718869,0.88357427448592
"CGGA_P179",-1668.28133973024,-1337.3638212692,-3005.64516099944,0.986615831011598
"CGGA_P18",-1275.42694307905,-413.630673079608,-1689.05761615866,0.936930862481777
"CGGA_P180",-578.653843838373,331.375373924117,-247.278469914256,0.84260739089154
"CGGA_P181",-1140.08079006681,447.66195869022,-692.418831376594,0.875972457662565
"CGGA_P182",693.028863390843,1317.6903546835,2010.71921807435,0.621502287322905
"CGGA_P183",-2178.78447139152,-1739.01128294815,-3917.79575433967,0.999553021380596
"CGGA_P185",-1158.06214049573,-475.571931487982,-1633.63407198371,0.934056398848828
"CGGA_P19",-1233.78878455853,-315.842087443701,-1549.63087200224,0.929581895453491
"CGGA_P199",-1318.75953423522,-10.8385756593135,-1329.59810989453,0.917193504894427
"CGGA_P20",-1648.71735884715,-814.32148643543,-2463.03884528258,0.970514129544714
"CGGA_P205",-591.311868303119,253.219516852713,-338.092351450406,0.849711125085657
"CGGA_P21",-1380.84545168053,-127.992399339114,-1508.83785101965,0.927357994149532
"CGGA_P22",-1376.49453404666,-169.071544491173,-1545.56607853783,0.929361790112015
"CGGA_P23",-943.950983663885,430.662194575775,-513.28878908811,0.862987813410943
"CGGA_P25",444.610372205946,1305.37388523258,1749.98425743852,0.651023268415737
"CGGA_P265",-998.597841807224,252.737825404973,-745.860016402252,0.879729370719443
"CGGA_P266",-1226.42401508846,-635.834742659171,-1862.25875774763,0.945513151344636
"CGGA_P269",-1403.65596044397,-466.494217077623,-1870.15017752159,0.945889663173565
"CGGA_P27",-1802.67218114527,-1048.54914463373,-2851.221325779,0.982666458508652
"CGGA_P270",-1391.91619624748,-292.372729145083,-1684.28892539256,0.936685976661532
"CGGA_P271",-1496.66532321594,-815.632337255043,-2312.29766047098,0.96494338970215
"CGGA_P279",-1992.95744766537,-1121.16174676335,-3114.11919442872,0.989087045439608
"CGGA_P28",-926.532889451947,-45.8723563412619,-972.405245793208,0.895051618311308
"CGGA_P280",-1238.00381270586,-572.828693633188,-1810.83250633905,0.943028474873499
"CGGA_P283",-1001.08675675558,182.826208733054,-818.260548022524,0.884732731088658
"CGGA_P286",-1919.64672273633,-1021.88448943873,-2941.53121217506,0.985037555435884
"CGGA_P29",-1706.01026934312,-728.127177696986,-2434.13744704011,0.969482795366819
"CGGA_P295",-997.069194531481,98.4431168684936,-898.626077662987,0.890169482652174
"CGGA_P298",-1698.67288095577,-315.030818446322,-2013.7036994021,0.952516781454482
"CGGA_P3",-1426.83031500932,-748.127593929103,-2174.95790893842,0.959456543737141
"CGGA_P30",-574.794731646796,-519.359802254779,-1094.15453390158,0.902878231959668
"CGGA_P306",-2115.27406544843,-1220.50889382817,-3335.7829592766,0.993356523369668
"CGGA_P308",-1329.12752975818,-559.956720209049,-1889.08424996723,0.946787860166699
"CGGA_P31",-272.610367994925,337.536227495875,64.9258595009499,0.817051696920625
"CGGA_P310",-1066.74839525518,342.838461500481,-723.909933754695,0.878192819005536
"CGGA_P311",-666.855980817764,1133.78208502504,466.926104207276,0.781626866034573
"CGGA_P314",-1513.24841525424,-420.19633286937,-1933.44474812361,0.948863587478736
"CGGA_P315",-1793.50664665813,-635.950662160172,-2429.4573088183,0.969314144577997
"CGGA_P316",-1087.72611130157,153.606960580262,-934.119150721309,0.892531207605676
"CGGA_P319",-1300.42530217285,-542.552742582725,-1842.97804475558,0.944587903128103
"CGGA_P326",-1195.14413231578,-240.377242141425,-1435.5213744572,0.9232774911014
"CGGA_P328",-482.855864452444,493.316313390478,10.4604489380342,0.821635105034253
"CGGA_P335",-1427.35418028834,-395.675636409575,-1823.02981669791,0.943622658557858
"CGGA_P337",-88.4311466287961,624.864536510216,536.43338988142,0.775222295573726
"CGGA_P338",-301.525107110939,26.0438187537407,-275.481288357198,0.844829588852056
"CGGA_P346",-1042.62359655066,366.700858634792,-675.922737915867,0.87480188455271
"CGGA_P356",-1408.01024141106,263.533903370341,-1144.47633804072,0.906029068615967
"CGGA_P358",-517.359898376207,990.301327406492,472.941429030285,0.781075805960759
"CGGA_P364",-964.214841342055,844.132909005601,-120.081932336454,0.832406260575959
"CGGA_P385",-1392.78817295745,-929.947126601043,-2322.73529955849,0.965344375433408
"CGGA_P388",-336.178177086329,612.646017425429,276.4678403391,0.798757270667143
"CGGA_P392",-1294.92526076125,-773.138394594282,-2068.06365535554,0.954916051655138
"CGGA_P399",-1949.905346298,-888.212706299056,-2838.11805259705,0.982308074971868
"CGGA_P401",-817.111472441418,365.431082641107,-451.680389800311,0.85838363849056
"CGGA_P411",-1016.86911771745,-368.317800974087,-1385.18691869153,0.920414139047328
"CGGA_P415",7.5490453747637,1469.30492577017,1476.85397114494,0.680924375646445
"CGGA_P416",-1550.22554565019,-957.805061130108,-2508.0306067803,0.972084873808164
"CGGA_P421",-1224.85026873949,-337.45331211976,-1562.30358085925,0.930265988001923
"CGGA_P422",-1425.92005506561,-637.058794202334,-2062.97884926794,0.954694200275045
"CGGA_P437",-1504.98360515756,-1049.88745731775,-2554.87106247531,0.973675110710443
"CGGA_P438",-535.638187553478,-303.197205197488,-838.835392750965,0.886136381292321
"CGGA_P439",-644.693517550932,278.11483060467,-366.578686946262,0.851908360733784
"CGGA_P446",-1952.79667864673,-1385.66482741514,-3338.46150606187,0.993401692688871
"CGGA_P461",-813.221750812219,-5.22006918941308,-818.441820001632,0.884745133020302
"CGGA_P468",-1587.18325538316,-968.2988031426,-2555.48205852576,0.973695550106013
"CGGA_P483",-908.64501965273,202.01553381141,-706.629485841319,0.876976736795074
"CGGA_P492",-1681.27072583466,-751.080614506556,-2432.35134034122,0.969418486230149
"CGGA_P499",-155.276999561824,1223.52171900545,1068.24471944363,0.723599516969975
"CGGA_P5",-459.515712452517,608.082635049904,148.566922597387,0.80991150377689
"CGGA_P500",-1459.93593939542,-619.945403306054,-2079.88134270148,0.955429605189983
"CGGA_P501",-797.977952051373,175.51816925894,-622.459782792433,0.870972905195863
"CGGA_P505",-1354.12488136891,-219.945350299954,-1574.07023166887,0.930898288115967
"CGGA_P508",-1574.991711907,-774.061594561132,-2349.05330646813,0.966345379297024
"CGGA_P510",632.142757441856,1479.88166666148,2112.02442410333,0.609784323858082
"CGGA_P512",-856.134167806373,-32.9390303220657,-889.073198128439,0.889529700275538
"CGGA_P520",-1574.13814578812,-225.146692316864,-1799.28483810499,0.942463152268917
"CGGA_P568",-1156.69390788085,-471.13306197882,-1627.82696985966,0.933751640297448
"CGGA_P585",-195.279067401423,599.275048790201,403.995981388779,0.787355237853739
"CGGA_P594",-884.66647079216,316.561184490461,-568.105286301699,0.867025086045555
"CGGA_P596",-1278.71990497246,-623.43407503716,-1902.15398000962,0.947403597614327
"CGGA_P604",-1058.98447663985,-476.012241449822,-1534.99671808967,0.928787919169717
"CGGA_P609",-1502.4211358223,-64.7630392197898,-1567.18417504209,0.930528591599025
"CGGA_P610",-926.888280292881,364.806249137068,-562.082031155813,0.866584209671149
"CGGA_P615",-1521.18117744565,-977.10880119694,-2498.28997864259,0.971748404398043
"CGGA_P619",200.273978150725,1324.58601054109,1524.85998869182,0.675746815832069
"CGGA_P623",-403.1915432735,1576.18342969846,1172.99188642496,0.712901807993296
"CGGA_P625",133.672461266279,763.285315135807,896.957776402085,0.740723141815085
"CGGA_P633",-784.538766755153,-249.769722203694,-1034.30848895885,0.899066929762963
"CGGA_P7",1215.46520730018,2455.24978780235,3670.71499510253,0.414133608417905
"CGGA_P83",-1144.00222770676,259.205662960524,-884.796564746232,0.889242715616994
"CGGA_P84",-1468.78248358385,-414.096802141173,-1882.87928572502,0.946494313572166
"CGGA_P86",-1821.78753785573,-1047.65777092797,-2869.4453087837,0.983158852688068
"CGGA_P87",-872.191136740621,295.467877796514,-576.723258944107,0.867654705893009
"CGGA_P89",-113.87442918257,1028.00389972338,914.129470540806,0.739027421514858
"CGGA_P93",-1153.17099131412,241.146870148822,-912.024121165301,0.89106383690352
"CGGA_P98",-1217.28667870596,-55.8871153686982,-1273.17379407465,0.913862013176292
"CGGA_P99",-1353.51961801436,-88.121901897174,-1441.64151991153,0.923622211248013
